,combined_naics
0,"['soybean', 'farm', 'oilse', 'grain']"
1,"['except', 'oilse', 'grain', 'farm', 'soybean']"
2,"['dri', 'oilse', 'grain', 'bean', 'farm', 'pea']"
3,"['farm', 'wheat', 'oilse', 'grain']"
4,"['farm', 'corn', 'oilse', 'grain']"
5,"['rice', 'farm', 'oilse', 'grain']"
6,"['farm', 'combin', 'oilse', 'grain']"
7,"['farm', 'oilse', 'grain']"
8,"['farm', 'melon', 'potato', 'veget']"
9,"['except', 'melon', 'potato', 'farm', 'veget']"
10,"['fruit', 'orang', 'farm', 'nut', 'grove', 'tree']"
11,"['except', 'citru', 'fruit', 'farm', 'orang', 'nut', 'grove', 'tree']"
12,"['appl', 'fruit', 'farm', 'orchard', 'nut', 'tree']"
13,"['grape', 'fruit', 'farm', 'vineyard', 'nut', 'tree']"
14,"['strawberri', 'fruit', 'farm', 'nut', 'tree']"
15,"['except', 'strawberri', 'berri', 'fruit', 'farm', 'nut', 'tree']"
16,"['tree', 'fruit', 'farm', 'nut']"
17,"['fruit', 'farm', 'nut', 'tree', 'combin']"
18,"['noncitru', 'fruit', 'farm', 'nut', 'tree']"
19,"['product', 'floricultur', 'greenhous', 'nurseri', 'mushroom']"
20,"['cover', 'crop', 'product', 'floricultur', 'food', 'greenhous', 'grown', 'nurseri']"
21,"['product', 'floricultur', 'greenhous', 'tree', 'nurseri']"
22,"['product', 'floricultur', 'nurseri', 'greenhous']"
23,"['farm', 'tobacco', 'crop']"
24,"['cotton', 'farm', 'crop']"
25,"['farm', 'sugarcan', 'crop']"
26,"['hay', 'farm', 'crop']"
27,"['farm', 'sugar', 'beet', 'crop']"
28,"['peanut', 'farm', 'crop']"
29,"['miscellan', 'farm', 'crop']"
30,"['beef', 'cattl', 'farm', 'ranch']"
31,"['cattl', 'farm', 'ranch', 'feedlot']"
32,"['milk', 'dairi', 'product', 'ranch', 'farm', 'cattl']"
33,"['cattl', 'farm', 'ranch', 'dual-purpos']"
34,"['hog', 'farm', 'pig']"
35,"['egg', 'chicken', 'poultri', 'product']"
36,"['broiler', 'product', 'meat', 'chicken', 'type', 'egg', 'poultri']"
37,"['egg', 'turkey', 'poultri', 'product']"
38,"['egg', 'hatcheri', 'poultri', 'product']"
39,"['egg', 'poultri', 'product']"
40,"['farm', 'sheep', 'goat']"
41,"['farm', 'sheep', 'goat']"
42,"['fish', 'finfish', 'aquacultur', 'hatcheri', 'farm']"
43,"['aquacultur', 'farm', 'shellfish']"
44,['aquacultur']
45,"['product', 'anim', 'apicultur']"
46,"['product', 'anim', 'equin', 'hors']"
47,"['product', 'fur-bear', 'rabbit', 'anim']"
48,"['product', 'anim']"
49,"['tract', 'oper', 'timber']"
50,"['forest', 'product', 'nurseri', 'gather']"
51,['log']
52,"['fish', 'finfish']"
53,"['fish', 'shellfish']"
54,"['fish', 'marin']"
55,"['trap', 'hunt']"
56,"['support', 'activ', 'crop', 'product', 'gin', 'cotton']"
57,"['support', 'activ', 'crop', 'product', 'soil', 'cultiv', 'plant', 'prepar']"
58,"['support', 'activ', 'crop', 'product', 'harvest', 'machin', 'primarili']"
59,"['except', 'support', 'activ', 'crop', 'product', 'gin', 'postharvest', 'cotton']"
60,"['support', 'activ', 'crop', 'product', 'contractor', 'labor', 'farm', 'crew', 'leader']"
61,"['support', 'activ', 'crop', 'product', 'servic', 'farm', 'manag']"
62,"['product', 'anim', 'support', 'activ']"
63,"['forestri', 'support', 'activ']"
64,"['petroleum', 'ga', 'extract', 'crude', 'oil']"
65,"['extract', 'ga', 'natur', 'oil']"
66,"['lignit', 'bitumin', 'surfac', 'coal', 'mine']"
67,"['bitumin', 'coal', 'underground', 'mine']"
68,"['anthracit', 'coal', 'mine']"
69,"['ore', 'iron', 'metal', 'mine']"
70,"['ore', 'gold', 'metal', 'mine']"
71,"['ore', 'silver', 'metal', 'mine']"
72,"['zinc', 'copper', 'ore', 'nickel', 'lead', 'metal', 'mine']"
73,"['ore', 'uranium-radium-vanadium', 'metal', 'mine']"
74,"['ore', 'metal', 'mine']"
75,"['miner', 'dimens', 'nonmetal', 'stone', 'quarri', 'mine']"
76,"['crush', 'limeston', 'miner', 'broken', 'nonmetal', 'quarri', 'mine']"
77,"['crush', 'miner', 'broken', 'granit', 'nonmetal', 'quarri', 'mine']"
78,"['crush', 'miner', 'broken', 'nonmetal', 'stone', 'quarri', 'mine']"
79,"['miner', 'construct', 'gravel', 'nonmetal', 'sand', 'quarri', 'mine']"
80,"['miner', 'nonmetal', 'industri', 'sand', 'quarri', 'mine']"
81,"['kaolin', 'miner', 'clay', 'nonmetal', 'ball', 'quarri', 'mine']"
82,"['miner', 'clay', 'refractori', 'nonmetal', 'ceram', 'quarri', 'mine']"
83,"['soda', 'miner', 'borat', 'potash', 'nonmetal', 'quarri', 'mine']"
84,"['phosphat', 'miner', 'nonmetal', 'quarri', 'mine', 'rock']"
85,"['chemic', 'miner', 'fertil', 'nonmetal', 'quarri', 'mine']"
86,"['miner', 'quarri', 'mine', 'nonmetal']"
87,"['well', 'support', 'activ', 'ga', 'oil', 'mine', 'drill']"
88,"['support', 'activ', 'oper', 'ga', 'oil', 'mine']"
89,"['coal', 'support', 'activ', 'mine']"
90,"['support', 'activ', 'mine', 'metal']"
91,"['except', 'support', 'activ', 'miner', 'fuel', 'nonmetal', 'mine']"
92,"['electr', 'power', 'distribut', 'gener', 'hydroelectr', 'transmiss']"
93,"['electr', 'power', 'distribut', 'fossil', 'fuel', 'gener', 'transmiss']"
94,"['nuclear', 'electr', 'power', 'distribut', 'gener', 'transmiss']"
95,"['electr', 'solar', 'power', 'distribut', 'gener', 'transmiss']"
96,"['wind', 'electr', 'power', 'distribut', 'gener', 'transmiss']"
97,"['electr', 'geotherm', 'power', 'distribut', 'gener', 'transmiss']"
98,"['electr', 'power', 'distribut', 'gener', 'biomass', 'transmiss']"
99,"['electr', 'power', 'distribut', 'gener', 'transmiss']"
100,"['electr', 'control', 'bulk', 'power', 'distribut', 'gener', 'transmiss']"
101,"['electr', 'power', 'distribut', 'gener', 'transmiss']"
102,"['ga', 'distribut', 'natur']"
103,"['suppli', 'system', 'sewag', 'water', 'irrig']"
104,"['system', 'sewag', 'water', 'facil', 'treatment']"
105,"['system', 'sewag', 'suppli', 'water', 'steam', 'air-condit']"
106,"['build', 'except', 'new', 'construct', 'hous', 'for-sal', 'builder', 'single-famili', 'residenti']"
107,"['build', 'except', 'new', 'construct', 'hous', 'for-sal', 'builder', 'residenti', 'multifamili']"
108,"['build', 'new', 'construct', 'hous', 'for-sal', 'builder', 'residenti']"
109,"['build', 'construct', 'remodel', 'residenti']"
110,"['nonresidenti', 'construct', 'build', 'industri']"
111,"['nonresidenti', 'build', 'institut', 'construct', 'commerci']"
112,"['line', 'system', 'structur', 'construct', 'water', 'util', 'sewer', 'relat']"
113,"['system', 'structur', 'construct', 'relat', 'util', 'ga', 'pipelin', 'oil']"
114,"['line', 'system', 'structur', 'construct', 'util', 'power', 'commun', 'relat']"
115,"['land', 'subdivis']"
116,"['construct', 'highway', 'bridg', 'street']"
117,"['engin', 'construct', 'heavi', 'civil']"
118,"['build', 'structur', 'contractor', 'foundat', 'exterior', 'concret', 'pour']"
119,"['build', 'precast', 'structur', 'contractor', 'foundat', 'steel', 'exterior', 'concret']"
120,"['build', 'structur', 'contractor', 'foundat', 'frame', 'exterior']"
121,"['build', 'structur', 'contractor', 'foundat', 'exterior', 'masonri']"
122,"['build', 'glaze', 'structur', 'glass', 'contractor', 'foundat', 'exterior']"
123,"['build', 'structur', 'roof', 'contractor', 'foundat', 'exterior']"
124,"['build', 'structur', 'contractor', 'foundat', 'side', 'exterior']"
125,"['build', 'structur', 'contractor', 'foundat', 'exterior']"
126,"['build', 'wire', 'electr', 'contractor', 'equip', 'instal']"
127,"['build', 'contractor', 'equip', 'heat', 'plumb', 'air-condit']"
128,"['build', 'equip', 'contractor']"
129,"['build', 'contractor', 'finish', 'insul', 'drywal']"
130,"['build', 'cover', 'contractor', 'finish', 'paint', 'wall']"
131,"['build', 'floor', 'finish', 'contractor']"
132,"['build', 'contractor', 'finish', 'terrazzo', 'tile']"
133,"['build', 'finish', 'carpentri', 'contractor']"
134,"['build', 'finish', 'contractor']"
135,"['contractor', 'trade', 'site', 'specialti', 'prepar']"
136,"['trade', 'specialti', 'contractor']"
137,"['cat', 'dog', 'anim', 'manufactur', 'food']"
138,"['food', 'anim', 'manufactur']"
139,"['flour', 'mill', 'oilse', 'grain']"
140,"['rice', 'mill', 'oilse', 'grain']"
141,"['mill', 'oilse', 'grain', 'manufactur', 'malt']"
142,"['mill', 'oilse', 'grain', 'corn', 'wet']"
143,"['mill', 'oilse', 'grain', 'process', 'soybean']"
144,"['mill', 'blend', 'oilse', 'grain', 'fat', 'oil', 'refin']"
145,"['mill', 'oilse', 'grain', 'manufactur', 'breakfast', 'cereal']"
146,"['confectioneri', 'sugar', 'product', 'beet', 'manufactur']"
147,"['confectioneri', 'sugar', 'product', 'manufactur', 'cane']"
148,"['confectioneri', 'sugar', 'product', 'nonchocol', 'manufactur']"
149,"['confectioneri', 'cacao', 'sugar', 'product', 'bean', 'manufactur', 'chocol']"
150,"['confectioneri', 'sugar', 'product', 'manufactur', 'purchas', 'chocol']"
151,"['manufactur', 'food', 'preserv', 'juic', 'fruit', 'frozen', 'specialti', 'veget']"
152,"['manufactur', 'food', 'preserv', 'fruit', 'frozen', 'specialti', 'veget']"
153,"['manufactur', 'food', 'preserv', 'fruit', 'specialti', 'veget']"
154,"['manufactur', 'food', 'preserv', 'fruit', 'specialti', 'veget']"
155,"['dri', 'manufactur', 'food', 'preserv', 'fruit', 'specialti', 'dehydr', 'veget']"
156,"['milk', 'dairi', 'product', 'manufactur', 'fluid']"
157,"['creameri', 'dairi', 'product', 'manufactur', 'butter']"
158,"['dairi', 'chees', 'product', 'manufactur']"
159,"['dri', 'dairi', 'product', 'manufactur', 'evapor', 'condens']"
160,"['dairi', 'product', 'ice', 'manufactur', 'dessert', 'frozen', 'cream']"
161,"['except', 'anim', 'process', 'slaughter', 'poultri']"
162,"['carcass', 'anim', 'meat', 'process', 'slaughter']"
163,"['anim', 'render', 'meat', 'byproduct', 'process', 'slaughter']"
164,"['process', 'poultri', 'slaughter', 'anim']"
165,"['product', 'seafood', 'packag', 'prepar']"
166,"['tortilla', 'retail', 'bakeri', 'manufactur']"
167,"['tortilla', 'commerci', 'bakeri', 'manufactur']"
168,"['bakeri', 'pie', 'cake', 'manufactur', 'tortilla', 'pastri', 'frozen']"
169,"['cooki', 'bakeri', 'manufactur', 'tortilla', 'cracker']"
170,"['dri', 'bakeri', 'mix', 'pasta', 'manufactur', 'tortilla', 'flour', 'purchas', 'dough']"
171,"['tortilla', 'bakeri', 'manufactur']"
172,"['manufactur', 'food', 'peanut', 'butter', 'nut', 'roast']"
173,"['food', 'snack', 'manufactur']"
174,"['food', 'tea', 'coffe', 'manufactur']"
175,"['syrup', 'manufactur', 'food', 'concentr', 'flavor']"
176,"['sauc', 'manufactur', 'food', 'mayonnais', 'dress', 'prepar']"
177,"['food', 'extract', 'spice', 'manufactur']"
178,"['food', 'perish', 'prepar', 'manufactur']"
179,"['food', 'miscellan', 'manufactur']"
180,"['soft', 'drink', 'beverag', 'manufactur']"
181,"['bottl', 'water', 'beverag', 'manufactur']"
182,"['ice', 'beverag', 'manufactur']"
183,"['breweri', 'beverag', 'manufactur']"
184,"['wineri', 'beverag', 'manufactur']"
185,"['distilleri', 'beverag', 'manufactur']"
186,"['tobacco', 'manufactur']"
187,"['yarn', 'thread', 'mill', 'fiber']"
188,"['broadwoven', 'mill', 'fabric']"
189,"['mill', 'fabric', 'embroideri', 'narrow', 'schiffli', 'machin']"
190,"['nonwoven', 'mill', 'fabric']"
191,"['knit', 'mill', 'fabric']"
192,"['mill', 'textil', 'finish', 'fabric', 'coat']"
193,"['mill', 'textil', 'finish', 'fabric', 'coat']"
194,"['mill', 'textil', 'rug', 'carpet', 'furnish']"
195,"['mill', 'textil', 'curtain', 'furnish', 'linen']"
196,"['mill', 'product', 'textil', 'canva', 'bag']"
197,"['mill', 'product', 'cord', 'textil', 'cordag', 'fabric', 'rope', 'tire', 'twine']"
198,"['product', 'miscellan', 'textil', 'mill']"
199,"['mill', 'knit', 'apparel', 'hosieri', 'sock']"
200,"['mill', 'knit', 'apparel']"
201,"['apparel', 'contractor', 'manufactur', 'sew', 'cut']"
202,"['apparel', ""boys'"", 'manufactur', 'sew', ""men'"", 'cut']"
203,"[""infants'"", 'apparel', 'manufactur', ""girls'"", ""women'"", 'sew', 'cut']"
204,"['apparel', 'sew', 'manufactur', 'cut']"
205,"['apparel', 'accessori', 'manufactur']"
206,"['leather', 'finish', 'hide', 'tan']"
207,"['manufactur', 'footwear']"
208,"['leather', 'purs', 'product', 'manufactur', ""women'"", 'handbag', 'alli']"
209,"['leather', 'good', 'product', 'manufactur', 'alli']"
210,"['preserv', 'wood', 'sawmil']"
211,"['preserv', 'wood', 'sawmil']"
212,"['veneer', 'engin', 'product', 'plywood', 'manufactur', 'wood', 'hardwood']"
213,"['veneer', 'softwood', 'engin', 'product', 'plywood', 'manufactur', 'wood']"
214,"['veneer', 'except', 'truss', 'engin', 'product', 'plywood', 'manufactur', 'wood', 'member']"
215,"['veneer', 'truss', 'engin', 'product', 'plywood', 'manufactur', 'wood']"
216,"['veneer', 'engin', 'product', 'plywood', 'manufactur', 'wood', 'reconstitut']"
217,"['product', 'door', 'manufactur', 'wood', 'window']"
218,"['stock', 'resaw', 'product', 'manufactur', 'wood', 'plane', 'lumber', 'cut']"
219,"['product', 'manufactur', 'floor', 'wood', 'millwork', 'includ']"
220,"['product', 'manufactur', 'wood', 'contain', 'pallet']"
221,"['home', 'product', 'mobil', 'manufactur', 'wood']"
222,"['build', 'prefabr', 'product', 'manufactur', 'wood']"
223,"['product', 'miscellan', 'wood', 'manufactur']"
224,"['paper', 'paperboard', 'mill', 'pulp']"
225,"['except', 'mill', 'pulp', 'paper', 'newsprint', 'paperboard']"
226,"['mill', 'pulp', 'paper', 'newsprint', 'paperboard']"
227,"['paper', 'paperboard', 'mill', 'pulp']"
228,"['fiber', 'box', 'product', 'paper', 'manufactur', 'corrug', 'convert', 'solid']"
229,"['box', 'product', 'paper', 'manufactur', 'convert', 'paperboard', 'fold']"
230,"['product', 'paper', 'manufactur', 'convert', 'contain', 'paperboard']"
231,"['product', 'paper', 'manufactur', 'coat', 'treat', 'convert', 'bag']"
232,"['product', 'paper', 'manufactur', 'stationeri', 'convert']"
233,"['sanitari', 'product', 'paper', 'manufactur', 'convert']"
234,"['product', 'convert', 'paper', 'manufactur']"
235,"['except', 'activ', 'support', 'commerci', 'book', 'screen', 'relat', 'print']"
236,"['activ', 'support', 'commerci', 'screen', 'relat', 'print']"
237,"['activ', 'support', 'book', 'relat', 'print']"
238,"['activ', 'support', 'relat', 'print']"
239,"['petroleum', 'refineri', 'product', 'manufactur', 'coal']"
240,"['petroleum', 'product', 'pave', 'asphalt', 'block', 'manufactur', 'mixtur', 'coal']"
241,"['petroleum', 'product', 'materi', 'asphalt', 'manufactur', 'coat', 'shingl', 'coal']"
242,"['petroleum', 'lubric', 'product', 'manufactur', 'greas', 'coal', 'oil']"
243,"['product', 'petroleum', 'coal', 'manufactur']"
244,"['basic', 'petrochem', 'chemic', 'manufactur']"
245,"['basic', 'chemic', 'manufactur', 'ga', 'industri']"
246,"['basic', 'pigment', 'chemic', 'dye', 'manufactur', 'synthet']"
247,"['basic', 'inorgan', 'chemic', 'manufactur']"
248,"['basic', 'chemic', 'ethyl', 'manufactur', 'alcohol']"
249,"['basic', 'chemic', 'manufactur', 'gum', 'wood', 'cyclic', 'crude', 'intermedi']"
250,"['basic', 'organ', 'chemic', 'manufactur']"
251,"['plastic', 'filament', 'materi', 'resin', 'manufactur', 'synthet', 'artifici', 'rubber', 'fiber']"
252,"['filament', 'resin', 'manufactur', 'synthet', 'artifici', 'rubber', 'fiber']"
253,"['filament', 'resin', 'manufactur', 'synthet', 'artifici', 'rubber', 'fiber']"
254,"['chemic', 'agricultur', 'fertil', 'manufactur', 'pesticid', 'nitrogen']"
255,"['chemic', 'agricultur', 'fertil', 'phosphat', 'manufactur', 'pesticid']"
256,"['mix', 'onli', 'chemic', 'agricultur', 'fertil', 'manufactur', 'pesticid']"
257,"['chemic', 'agricultur', 'fertil', 'manufactur', 'pesticid']"
258,"['pharmaceut', 'botan', 'medicin', 'manufactur']"
259,"['pharmaceut', 'prepar', 'medicin', 'manufactur']"
260,"['in-vitro', 'medicin', 'diagnost', 'pharmaceut', 'manufactur', 'substanc']"
261,"['except', 'diagnost', 'medicin', 'product', 'pharmaceut', 'manufactur', 'biolog']"
262,"['paint', 'coat', 'manufactur', 'adhes']"
263,"['paint', 'coat', 'manufactur', 'adhes']"
264,"['compound', 'clean', 'soap', 'manufactur', 'toilet', 'deterg', 'prepar']"
265,"['good', 'polish', 'compound', 'clean', 'soap', 'manufactur', 'toilet', 'sanit', 'prepar']"
266,"['activ', 'compound', 'clean', 'soap', 'manufactur', 'toilet', 'surfac', 'agent', 'prepar']"
267,"['compound', 'clean', 'soap', 'manufactur', 'toilet', 'prepar']"
268,"['chemic', 'product', 'ink', 'manufactur', 'prepar', 'print']"
269,"['explos', 'chemic', 'product', 'manufactur', 'prepar']"
270,"['chemic', 'compound', 'product', 'custom', 'manufactur', 'resin', 'purchas', 'prepar']"
271,"['chemic', 'film', 'product', 'plate', 'paper', 'manufactur', 'photograph', 'prepar']"
272,"['chemic', 'product', 'manufactur', 'miscellan', 'prepar']"
273,"['plastic', 'product', 'manufactur', 'pouch', 'bag']"
274,"['plastic', 'film', 'product', 'packag', 'lamin', 'manufactur', 'includ', 'sheet']"
275,"['plastic', 'except', 'film', 'product', 'packag', 'unlamin', 'manufactur', 'sheet']"
276,"['plastic', 'product', 'profil', 'unlamin', 'manufactur', 'shape']"
277,"['plastic', 'product', 'pipe', 'manufactur', 'fit']"
278,"['plastic', 'except', 'plate', 'product', 'packag', 'lamin', 'manufactur', 'shape', 'sheet']"
279,"['plastic', 'product', 'manufactur', 'foam', 'polystyren']"
280,"['plastic', 'except', 'product', 'urethan', 'manufactur', 'foam', 'polystyren']"
281,"['product', 'plastic', 'bottl', 'manufactur']"
282,"['plastic', 'product', 'fixtur', 'manufactur', 'plumb']"
283,"['product', 'plastic', 'manufactur']"
284,"['except', 'product', 'manufactur', 'tire', 'retread', 'rubber']"
285,"['product', 'manufactur', 'tire', 'retread', 'rubber']"
286,"['plastic', 'hose', 'belt', 'product', 'manufactur', 'rubber']"
287,"['rubber', 'mechan', 'product', 'manufactur', 'use']"
288,"['product', 'rubber', 'manufactur']"
289,"['product', 'potteri', 'clay', 'manufactur', 'fixtur', 'refractori', 'plumb', 'ceram']"
290,"['build', 'product', 'materi', 'clay', 'manufactur', 'refractori']"
291,"['product', 'flat', 'glass', 'manufactur']"
292,"['glasswar', 'press', 'glass', 'product', 'blown', 'manufactur']"
293,"['product', 'contain', 'glass', 'manufactur']"
294,"['made', 'glass', 'product', 'manufactur', 'purchas']"
295,"['product', 'concret', 'cement', 'manufactur']"
296,"['ready-mix', 'product', 'manufactur', 'concret', 'cement']"
297,"['product', 'block', 'manufactur', 'concret', 'cement', 'brick']"
298,"['product', 'pipe', 'manufactur', 'concret', 'cement']"
299,"['product', 'concret', 'cement', 'manufactur']"
300,"['product', 'lime', 'gypsum', 'manufactur']"
301,"['product', 'lime', 'gypsum', 'manufactur']"
302,"['abras', 'product', 'miner', 'manufactur', 'nonmetal']"
303,"['product', 'miner', 'manufactur', 'nonmetal', 'stone', 'cut']"
304,"['product', 'miner', 'manufactur', 'earth', 'treat', 'nonmetal', 'ground']"
305,"['product', 'miner', 'wool', 'manufactur', 'nonmetal']"
306,"['product', 'miner', 'manufactur', 'nonmetal', 'miscellan']"
307,"['mill', 'steel', 'manufactur', 'iron', 'ferroalloy']"
308,"['product', 'steel', 'manufactur', 'pipe', 'purchas', 'tube', 'iron']"
309,"['product', 'steel', 'manufactur', 'roll', 'shape', 'purchas']"
310,"['wire', 'product', 'steel', 'manufactur', 'purchas', 'draw']"
311,"['product', 'alumina', 'primari', 'process', 'aluminum', 'refin']"
312,"['product', 'alumina', 'alloy', 'secondari', 'process', 'smelt', 'aluminum']"
313,"['foil', 'plate', 'product', 'alumina', 'manufactur', 'process', 'sheet', 'aluminum']"
314,"['product', 'alumina', 'roll', 'extrud', 'process', 'draw', 'aluminum']"
315,"['except', 'product', 'nonferr', 'metal', 'process', 'smelt', 'aluminum', 'refin']"
316,"['except', 'copper', 'product', 'nonferr', 'metal', 'alloy', 'roll', 'extrud', 'process', 'draw', 'aluminum']"
317,"['except', 'copper', 'product', 'nonferr', 'metal', 'roll', 'extrud', 'process', 'draw', 'aluminum']"
318,"['except', 'copper', 'product', 'nonferr', 'metal', 'alloy', 'secondari', 'process', 'smelt', 'aluminum', 'refin']"
319,"['foundri', 'iron']"
320,"['foundri', 'steel', 'invest']"
321,"['except', 'foundri', 'steel', 'invest']"
322,"['nonferr', 'foundri', 'metal', 'die-cast']"
323,"['except', 'foundri', 'die-cast', 'aluminum']"
324,"['except', 'die-cast', 'nonferr', 'metal', 'foundri']"
325,"['iron', 'forg', 'steel', 'stamp']"
326,"['nonferr', 'forg', 'stamp']"
327,"['forg', 'stamp', 'custom', 'roll', 'form']"
328,"['forg', 'stamp', 'manufactur', 'metallurgi', 'powder', 'part']"
329,"['automot', 'except', 'forg', 'closur', 'stamp', 'crown', 'metal']"
330,"['cutleri', 'except', 'preciou', 'utensil', 'cookwar', 'metal', 'handtool', 'manufactur', 'kitchen', 'flatwar']"
331,"['cutleri', 'blade', 'handtool', 'manufactur', 'saw']"
332,"['prefabr', 'build', 'structur', 'metal', 'manufactur', 'architectur', 'compon']"
333,"['structur', 'fabric', 'metal', 'manufactur', 'architectur']"
334,"['structur', 'plate', 'metal', 'manufactur', 'architectur', 'work']"
335,"['structur', 'metal', 'door', 'manufactur', 'architectur', 'window']"
336,"['structur', 'metal', 'manufactur', 'architectur', 'sheet', 'work']"
337,"['ornament', 'structur', 'metal', 'manufactur', 'architectur', 'work']"
338,"['tank', 'boiler', 'heat', 'manufactur', 'ship', 'power', 'exchang', 'contain']"
339,"['tank', 'boiler', 'metal', 'manufactur', 'ship', 'contain', 'heavi', 'gaug']"
340,"['tank', 'boiler', 'metal', 'manufactur', 'ship', 'contain']"
341,"['tank', 'boiler', 'metal', 'manufactur', 'ship', 'contain']"
342,"['hardwar', 'manufactur']"
343,"['product', 'spring', 'wire', 'manufactur']"
344,"['wire', 'product', 'fabric', 'manufactur', 'spring']"
345,"['bolt', 'turn', 'product;', 'screw', 'manufactur', 'shops;', 'shop', 'machin', 'nut']"
346,"['bolt', 'turn', 'product;', 'product', 'screw', 'manufactur', 'shops;', 'machin', 'nut', 'precis']"
347,"['bolt', 'turn', 'product;', 'screw', 'manufactur', 'shops;', 'machin', 'nut', 'washer', 'rivet']"
348,"['activ', 'heat', 'engrav', 'metal', 'coat', 'treat', 'alli']"
349,"['except', 'activ', 'jewelri', 'heat', 'engrav', 'metal', 'servic', 'manufactur', 'coat', 'treat', 'alli', 'silverwar']"
350,"['anod', 'activ', 'polish', 'plate', 'electropl', 'heat', 'engrav', 'coat', 'treat', 'color', 'alli']"
351,"['product', 'fabric', 'metal', 'manufactur', 'valv', 'industri']"
352,"['hose', 'product', 'fabric', 'metal', 'manufactur', 'valv', 'power', 'fit', 'fluid']"
353,"['trim', 'product', 'fabric', 'metal', 'manufactur', 'fixtur', 'fit', 'plumb']"
354,"['product', 'valv', 'fabric', 'manufactur', 'metal', 'pipe', 'fit']"
355,"['roller', 'product', 'bear', 'fabric', 'metal', 'manufactur', 'ball']"
356,"['product', 'fabric', 'metal', 'manufactur', 'arm', 'small', 'ammunit']"
357,"['except', 'product', 'fabric', 'metal', 'manufactur', 'arm', 'small', 'ammunit']"
358,"['product', 'fabric', 'metal', 'manufactur', 'accessori', 'arm', 'small', 'ordnanc']"
359,"['product', 'fabric', 'metal', 'pipe', 'manufactur', 'fit']"
360,"['product', 'fabric', 'metal', 'manufactur', 'miscellan']"
361,"['agricultur', 'construct', 'equip', 'manufactur', 'machineri', 'farm', 'mine']"
362,"['home', 'lawn', 'agricultur', 'construct', 'equip', 'manufactur', 'machineri', 'garden', 'tractor', 'mine']"
363,"['agricultur', 'construct', 'manufactur', 'machineri', 'mine']"
364,"['agricultur', 'construct', 'equip', 'manufactur', 'machineri', 'mine']"
365,"['field', 'agricultur', 'construct', 'equip', 'manufactur', 'ga', 'machineri', 'oil', 'mine']"
366,"['product', 'manufactur', 'food', 'machineri', 'industri']"
367,"['machineri', 'manufactur', 'semiconductor', 'industri']"
368,"['paper', 'manufactur', 'sawmil', 'woodwork', 'machineri', 'industri']"
369,"['equip', 'manufactur', 'machineri', 'industri', 'print']"
370,"['machineri', 'manufactur', 'industri']"
371,"['optic', 'instrument', 'commerci', 'manufactur', 'servic', 'len', 'machineri', 'industri']"
372,"['equip', 'commerci', 'manufactur', 'servic', 'machineri', 'industri', 'photograph', 'photocopi']"
373,"['commerci', 'manufactur', 'servic', 'machineri', 'industri']"
374,"['equip', 'commerci', 'heat', 'fan', 'manufactur', 'blower', 'industri', 'ventil', 'refriger', 'air-condit', 'purif', 'air']"
375,"['except', 'equip', 'commerci', 'warm', 'heat', 'manufactur', 'furnac', 'ventil', 'refriger', 'air-condit', 'air']"
376,"['equip', 'commerci', 'warm', 'heat', 'manufactur', 'industri', 'ventil', 'refriger', 'air-condit', 'air']"
377,"['manufactur', 'machineri', 'metalwork', 'industri', 'mold']"
378,"['die', 'jig', 'special', 'manufactur', 'fixtur', 'machineri', 'metalwork', 'tool', 'set']"
379,"['accessori', 'manufactur', 'machineri', 'metalwork', 'tool', 'machin', 'cut']"
380,"['manufactur', 'machineri', 'tool', 'metalwork', 'machin']"
381,"['mill', 'manufactur', 'machineri', 'roll', 'metalwork']"
382,"['engin', 'equip', 'unit', 'manufactur', 'turbin', 'power', 'gener', 'set', 'transmiss']"
383,"['engin', 'equip', 'speed', 'gear', 'manufactur', 'turbin', 'power', 'changer', 'high-spe', 'drive', 'industri', 'transmiss']"
384,"['mechan', 'engin', 'equip', 'manufactur', 'turbin', 'power', 'transmiss']"
385,"['engin', 'equip', 'manufactur', 'turbin', 'power', 'transmiss']"
386,"['compressor', 'manufactur', 'ga', 'machineri', 'purpos', 'gener', 'air']"
387,"['measur', 'equip', 'manufactur', 'machineri', 'dispens', 'purpos', 'gener', 'pump']"
388,"['elev', 'manufactur', 'move', 'machineri', 'purpos', 'gener', 'stairway']"
389,"['conveyor', 'equip', 'manufactur', 'machineri', 'purpos', 'gener', 'convey']"
390,"['hoist', 'system', 'travel', 'manufactur', 'crane', 'machineri', 'overhead', 'purpos', 'gener', 'monorail']"
391,"['truck', 'stacker', 'manufactur', 'trailer', 'machineri', 'purpos', 'industri', 'gener', 'tractor']"
392,"['handtool', 'manufactur', 'machineri', 'power-driven', 'purpos', 'gener']"
393,"['equip', 'weld', 'solder', 'manufactur', 'machineri', 'purpos', 'gener']"
394,"['packag', 'manufactur', 'machineri', 'purpos', 'gener']"
395,"['oven', 'manufactur', 'process', 'machineri', 'furnac', 'purpos', 'industri', 'gener']"
396,"['manufactur', 'cylind', 'power', 'machineri', 'purpos', 'gener', 'actuat', 'fluid']"
397,"['motor', 'manufactur', 'power', 'machineri', 'purpos', 'gener', 'pump', 'fluid']"
398,"['balanc', 'manufactur', 'machineri', 'scale', 'purpos', 'gener']"
399,"['manufactur', 'machineri', 'purpos', 'gener', 'miscellan']"
400,"['comput', 'equip', 'peripher', 'manufactur', 'electron']"
401,"['devic', 'storag', 'comput', 'equip', 'peripher', 'manufactur']"
402,"['termin', 'comput', 'equip', 'peripher', 'manufactur']"
403,"['equip', 'manufactur', 'apparatu', 'commun', 'telephon']"
404,"['equip', 'manufactur', 'radio', 'commun', 'televis', 'wireless', 'broadcast']"
405,"['equip', 'commun', 'manufactur']"
406,"['video', 'equip', 'audio', 'manufactur']"
407,"['bare', 'semiconductor', 'board', 'manufactur', 'circuit', 'electron', 'compon', 'print']"
408,"['devic', 'semiconductor', 'compon', 'manufactur', 'electron', 'relat']"
409,"['capacitor', 'inductor', 'semiconductor', 'coil', 'manufactur', 'resistor', 'electron', 'transform', 'compon']"
410,"['semiconductor', 'compon', 'manufactur', 'electron', 'connector']"
411,"['semiconductor', 'manufactur', 'assembl', 'circuit', 'electron', 'compon', 'print']"
412,"['electron', 'manufactur', 'compon', 'semiconductor']"
413,"['measur', 'control', 'electromed', 'instrument', 'navig', 'manufactur', 'apparatu', 'electrotherapeut']"
414,"['measur', 'system', 'control', 'electromed', 'instrument', 'navig', 'search', 'aeronaut', 'manufactur', 'nautic', 'guidanc', 'detect']"
415,"['measur', 'applianc', 'control', 'electromed', 'instrument', 'navig', 'automat', 'commerci', 'manufactur', 'residenti', 'environment', 'use']"
416,"['measur', 'variabl', 'control', 'electromed', 'instrument', 'navig', 'product', 'display', 'manufactur', 'industri', 'process', 'relat']"
417,"['devic', 'measur', 'control', 'electromed', 'instrument', 'navig', 'meter', 'manufactur', 'total', 'count', 'fluid']"
418,"['measur', 'electr', 'control', 'electromed', 'instrument', 'navig', 'test', 'manufactur', 'signal']"
419,"['analyt', 'measur', 'control', 'electromed', 'instrument', 'navig', 'manufactur', 'laboratori']"
420,"['measur', 'control', 'electromed', 'instrument', 'navig', 'manufactur', 'irradi', 'apparatu']"
421,"['devic', 'measur', 'control', 'electromed', 'instrument', 'navig', 'manufactur']"
422,"['media', 'optic', 'reproduc', 'manufactur', 'magnet', 'blank', 'record']"
423,"['media', 'prerecord', 'optic', 'reproduc', 'compact', 'manufactur', 'magnet', 'softwar', 'disc', 'tape', 'record']"
424,"['electr', 'equip', 'lamp', 'manufactur', 'light', 'part', 'bulb']"
425,"['electr', 'equip', 'manufactur', 'fixtur', 'light', 'residenti']"
426,"['institut', 'electr', 'equip', 'commerci', 'manufactur', 'fixtur', 'light', 'industri']"
427,"['equip', 'light', 'electr', 'manufactur']"
428,"['applianc', 'electr', 'manufactur', 'small', 'household']"
429,"['applianc', 'major', 'household', 'manufactur']"
430,"['transform', 'electr', 'equip', 'manufactur', 'power', 'distribut', 'specialti']"
431,"['electr', 'equip', 'motor', 'manufactur', 'gener']"
432,"['electr', 'switchgear', 'equip', 'manufactur', 'apparatu', 'switchboard']"
433,"['electr', 'control', 'equip', 'relay', 'manufactur', 'industri']"
434,"['storag', 'electr', 'equip', 'batteri', 'manufactur', 'compon']"
435,"['electr', 'equip', 'batteri', 'manufactur', 'primari', 'compon']"
436,"['optic', 'electr', 'equip', 'cabl', 'manufactur', 'compon', 'fiber']"
437,"['wire', 'electr', 'equip', 'manufactur', 'commun', 'energi', 'compon']"
438,"['devic', 'wire', 'electr', 'equip', 'current-carri', 'manufactur', 'compon']"
439,"['devic', 'wire', 'electr', 'equip', 'manufactur', 'noncurrent-carri', 'compon']"
440,"['electr', 'equip', 'product', 'graphit', 'carbon', 'manufactur', 'compon']"
441,"['electr', 'equip', 'manufactur', 'miscellan', 'compon']"
442,"['automobil', 'motor', 'vehicl', 'manufactur']"
443,"['truck', 'motor', 'manufactur', 'util', 'light', 'vehicl']"
444,"['duti', 'truck', 'motor', 'manufactur', 'heavi', 'vehicl']"
445,"['motor', 'manufactur', 'trailer', 'vehicl', 'bodi']"
446,"['truck', 'motor', 'manufactur', 'trailer', 'vehicl', 'bodi']"
447,"['home', 'motor', 'manufactur', 'trailer', 'vehicl', 'bodi']"
448,"['motor', 'travel', 'manufactur', 'trailer', 'vehicl', 'camper', 'bodi']"
449,"['gasolin', 'engin', 'motor', 'manufactur', 'vehicl', 'part']"
450,"['electr', 'equip', 'motor', 'manufactur', 'vehicl', 'electron', 'part']"
451,"['except', 'steer', 'suspens', 'motor', 'compon', 'manufactur', 'spring', 'vehicl', 'part']"
452,"['system', 'motor', 'manufactur', 'vehicl', 'brake', 'part']"
453,"['motor', 'train', 'manufactur', 'power', 'vehicl', 'part', 'transmiss']"
454,"['seat', 'trim', 'motor', 'interior', 'manufactur', 'vehicl', 'part']"
455,"['stamp', 'motor', 'metal', 'manufactur', 'vehicl', 'part']"
456,"['motor', 'part', 'vehicl', 'manufactur']"
457,"['aerospac', 'product', 'aircraft', 'manufactur', 'part']"
458,"['aerospac', 'engin', 'product', 'aircraft', 'manufactur', 'part']"
459,"['auxiliari', 'aerospac', 'product', 'equip', 'aircraft', 'manufactur', 'part']"
460,"['aerospac', 'product', 'manufactur', 'vehicl', 'space', 'missil', 'part', 'guid']"
461,"['propuls', 'aerospac', 'product', 'unit', 'manufactur', 'vehicl', 'space', 'missil', 'part', 'guid']"
462,"['auxiliari', 'aerospac', 'product', 'equip', 'manufactur', 'vehicl', 'space', 'missil', 'part', 'guid']"
463,"['railroad', 'roll', 'stock', 'manufactur']"
464,"['build', 'boat', 'repair', 'ship']"
465,"['build', 'boat', 'ship']"
466,"['transport', 'equip', 'motorcycl', 'bicycl', 'manufactur', 'part']"
467,"['transport', 'tank', 'equip', 'militari', 'armor', 'manufactur', 'vehicl', 'compon']"
468,"['equip', 'transport', 'manufactur']"
469,"['institut', 'furnitur', 'manufactur', 'wood', 'household', 'countertop', 'kitchen', 'cabinet']"
470,"['institut', 'furnitur', 'manufactur', 'household', 'kitchen', 'upholst', 'cabinet']"
471,"['institut', 'furnitur', 'manufactur', 'wood', 'household', 'nonupholst', 'kitchen', 'cabinet']"
472,"['institut', 'furnitur', 'metal', 'manufactur', 'household', 'kitchen', 'cabinet']"
473,"['except', 'institut', 'furnitur', 'metal', 'manufactur', 'wood', 'household', 'kitchen', 'cabinet']"
474,"['institut', 'furnitur', 'manufactur', 'household', 'kitchen', 'cabinet']"
475,"['furnitur', 'manufactur', 'fixtur', 'wood', 'offic', 'includ']"
476,"['custom', 'furnitur', 'manufactur', 'fixtur', 'architectur', 'woodwork', 'millwork', 'offic', 'includ']"
477,"['except', 'furnitur', 'manufactur', 'fixtur', 'wood', 'offic', 'includ']"
478,"['showcas', 'shelv', 'furnitur', 'manufactur', 'fixtur', 'locker', 'offic', 'includ', 'partit']"
479,"['product', 'mattress', 'furnitur', 'manufactur', 'relat']"
480,"['shade', 'product', 'furnitur', 'manufactur', 'blind', 'relat']"
481,"['suppli', 'equip', 'instrument', 'surgic', 'manufactur', 'medic']"
482,"['suppli', 'applianc', 'equip', 'surgic', 'manufactur', 'medic']"
483,"['suppli', 'equip', 'manufactur', 'medic', 'dental']"
484,"['good', 'suppli', 'equip', 'ophthalm', 'manufactur', 'medic']"
485,"['suppli', 'equip', 'manufactur', 'medic', 'laboratori', 'dental']"
486,"['miscellan', 'jewelri', 'silverwar', 'manufactur']"
487,"['good', 'manufactur', 'sport', 'athlet', 'miscellan']"
488,"['toy', 'doll', 'game', 'manufactur', 'miscellan']"
489,"['except', 'suppli', 'paper', 'manufactur', 'offic', 'miscellan']"
490,"['sign', 'miscellan', 'manufactur']"
491,"['devic', 'manufactur', 'gasket', 'pack', 'miscellan', 'seal']"
492,"['instrument', 'miscellan', 'music', 'manufactur']"
493,"['fasten', 'needl', 'manufactur', 'pin', 'button', 'miscellan']"
494,"['mop', 'manufactur', 'broom', 'brush', 'miscellan']"
495,"['burial', 'miscellan', 'casket', 'manufactur']"
496,"['miscellan', 'manufactur']"
497,"['suppli', 'motor', 'merchant', 'wholesal', 'vehicl', 'part', 'automobil']"
498,"['new', 'suppli', 'motor', 'merchant', 'wholesal', 'vehicl', 'part']"
499,"['suppli', 'motor', 'merchant', 'tire', 'wholesal', 'vehicl', 'tube', 'part']"
500,"['use', 'suppli', 'motor', 'merchant', 'wholesal', 'vehicl', 'part']"
501,"['home', 'merchant', 'furnitur', 'wholesal', 'furnish']"
502,"['home', 'merchant', 'furnitur', 'wholesal', 'furnish']"
503,"['plywood', 'construct', 'merchant', 'materi', 'panel', 'wood', 'wholesal', 'millwork', 'lumber']"
504,"['construct', 'merchant', 'materi', 'wholesal', 'lumber', 'brick', 'stone', 'relat']"
505,"['roof', 'construct', 'merchant', 'materi', 'insul', 'wholesal', 'side', 'lumber']"
506,"['construct', 'merchant', 'materi', 'wholesal', 'lumber']"
507,"['profession', 'suppli', 'equip', 'commerci', 'merchant', 'wholesal', 'photograph']"
508,"['profession', 'suppli', 'equip', 'commerci', 'merchant', 'wholesal', 'offic']"
509,"['profession', 'suppli', 'comput', 'equip', 'commerci', 'merchant', 'peripher', 'wholesal', 'softwar']"
510,"['profession', 'suppli', 'equip', 'commerci', 'merchant', 'wholesal']"
511,"['profession', 'suppli', 'equip', 'commerci', 'merchant', 'wholesal', 'medic', 'hospit', 'dental']"
512,"['profession', 'good', 'suppli', 'equip', 'commerci', 'merchant', 'ophthalm', 'wholesal']"
513,"['profession', 'suppli', 'equip', 'commerci', 'merchant', 'wholesal']"
514,"['except', 'petroleum', 'center', 'miner', 'merchant', 'metal', 'servic', 'wholesal']"
515,"['except', 'petroleum', 'ore', 'miner', 'merchant', 'metal', 'wholesal', 'coal']"
516,"['good', 'wire', 'applianc', 'suppli', 'electr', 'equip', 'merchant', 'wholesal', 'apparatu', 'household', 'electron', 'relat']"
517,"['good', 'applianc', 'electr', 'merchant', 'housewar', 'wholesal', 'household', 'consum', 'electron']"
518,"['good', 'applianc', 'electr', 'equip', 'merchant', 'wholesal', 'household', 'electron', 'part']"
519,"['suppli', 'equip', 'merchant', 'heat', 'hardwar', 'wholesal', 'plumb']"
520,"['suppli', 'hydron', 'equip', 'merchant', 'heat', 'hardwar', 'wholesal', 'plumb']"
521,"['suppli', 'equip', 'merchant', 'warm', 'heat', 'hardwar', 'wholesal', 'plumb', 'air-condit', 'air']"
522,"['suppli', 'refriger', 'equip', 'merchant', 'heat', 'hardwar', 'wholesal', 'plumb']"
523,"['except', 'well', 'suppli', 'equip', 'construct', 'merchant', 'machineri', 'wholesal', 'oil', 'mine']"
524,"['suppli', 'equip', 'merchant', 'machineri', 'wholesal', 'farm', 'garden']"
525,"['suppli', 'equip', 'merchant', 'machineri', 'wholesal', 'industri']"
526,"['suppli', 'equip', 'merchant', 'machineri', 'wholesal', 'industri']"
527,"['suppli', 'equip', 'merchant', 'servic', 'machineri', 'wholesal', 'establish']"
528,"['except', 'suppli', 'transport', 'equip', 'merchant', 'motor', 'machineri', 'wholesal', 'vehicl']"
529,"['good', 'suppli', 'merchant', 'recreat', 'sport', 'wholesal', 'durabl', 'miscellan']"
530,"['good', 'suppli', 'toy', 'hobbi', 'merchant', 'wholesal', 'durabl', 'miscellan']"
531,"['good', 'recycl', 'merchant', 'materi', 'wholesal', 'durabl', 'miscellan']"
532,"['good', 'preciou', 'watch', 'jewelri', 'merchant', 'metal', 'wholesal', 'durabl', 'miscellan', 'stone']"
533,"['good', 'merchant', 'wholesal', 'durabl', 'miscellan']"
534,"['product', 'merchant', 'paper', 'wholesal', 'write', 'print']"
535,"['suppli', 'product', 'merchant', 'paper', 'stationeri', 'wholesal', 'offic']"
536,"['product', 'merchant', 'paper', 'servic', 'wholesal', 'industri', 'person']"
537,"['sundri', ""druggists'"", 'merchant', 'drug', 'wholesal']"
538,"['good', 'apparel', 'dri', 'merchant', 'notion', 'wholesal', 'piec']"
539,"['good', 'apparel', 'merchant', ""boys'"", 'notion', 'wholesal', 'cloth', ""men'"", 'furnish', 'piec']"
540,"['good', ""infants'"", 'apparel', 'merchant', 'accessori', 'notion', 'wholesal', 'cloth', ""women'"", ""children'"", 'piec']"
541,"['good', 'apparel', 'footwear', 'merchant', 'notion', 'wholesal', 'piec']"
542,"['line', 'product', 'merchant', 'groceri', 'wholesal', 'gener', 'relat']"
543,"['product', 'packag', 'merchant', 'groceri', 'food', 'wholesal', 'frozen', 'relat']"
544,"['except', 'dri', 'product', 'dairi', 'merchant', 'groceri', 'wholesal', 'relat']"
545,"['product', 'merchant', 'groceri', 'wholesal', 'poultri', 'relat']"
546,"['confectioneri', 'product', 'merchant', 'groceri', 'wholesal', 'relat']"
547,"['fish', 'product', 'merchant', 'groceri', 'wholesal', 'seafood', 'relat']"
548,"['product', 'merchant', 'groceri', 'meat', 'wholesal', 'relat']"
549,"['product', 'merchant', 'groceri', 'wholesal', 'fruit', 'fresh', 'relat', 'veget']"
550,"['product', 'merchant', 'groceri', 'wholesal', 'relat']"
551,"['field', 'grain', 'product', 'merchant', 'materi', 'bean', 'farm', 'wholesal', 'raw']"
552,"['livestock', 'product', 'merchant', 'materi', 'farm', 'wholesal', 'raw']"
553,"['product', 'merchant', 'materi', 'farm', 'wholesal', 'raw']"
554,"['basic', 'plastic', 'chemic', 'product', 'merchant', 'materi', 'wholesal', 'shape', 'alli', 'form']"
555,"['chemic', 'product', 'merchant', 'wholesal', 'alli']"
556,"['petroleum', 'termin', 'product', 'merchant', 'bulk', 'wholesal', 'station']"
557,"['petroleum', 'except', 'termin', 'product', 'merchant', 'bulk', 'wholesal', 'station']"
558,"['beer', 'distil', 'beverag', 'merchant', 'ale', 'alcohol', 'wholesal', 'wine']"
559,"['beer', 'distil', 'beverag', 'merchant', 'alcohol', 'wholesal', 'wine']"
560,"['good', 'suppli', 'merchant', 'wholesal', 'farm', 'miscellan', 'nondur']"
561,"['good', 'period', 'merchant', 'book', 'wholesal', 'newspap', 'miscellan', 'nondur']"
562,"['good', 'suppli', 'stock', 'merchant', 'flower', 'wholesal', 'miscellan', 'nondur', ""florists'"", 'nurseri']"
563,"['good', 'product', 'merchant', 'tobacco', 'wholesal', 'miscellan', 'nondur']"
564,"['good', 'suppli', 'merchant', 'paint', 'wholesal', 'varnish', 'miscellan', 'nondur']"
565,"['good', 'merchant', 'wholesal', 'miscellan', 'nondur']"
566,"['busi', 'market', 'electron', 'wholesal', 'broker', 'agent']"
567,"['market', 'electron', 'trade', 'wholesal', 'broker', 'agent']"
568,"['car', 'dealer', 'new', 'automobil']"
569,"['car', 'dealer', 'use', 'automobil']"
570,"['motor', 'dealer', 'recreat', 'vehicl']"
571,"['motor', 'dealer', 'vehicl', 'boat']"
572,"['dealer', 'motor', 'motorcycl', 'atv', 'vehicl']"
573,"['automot', 'store', 'accessori', 'tire', 'part']"
574,"['automot', 'dealer', 'store', 'accessori', 'tire', 'part']"
575,"['furnitur', 'store']"
576,"['cover', 'home', 'store', 'floor', 'furnish']"
577,"['home', 'store', 'treatment', 'furnish', 'window']"
578,"['furnish', 'home', 'store']"
579,"['electron', 'applianc', 'household', 'store']"
580,"['electron', 'applianc', 'store']"
581,"['build', 'center', 'dealer', 'suppli', 'home', 'materi']"
582,"['build', 'dealer', 'suppli', 'store', 'materi', 'paint', 'wallpap']"
583,"['build', 'dealer', 'suppli', 'store', 'materi', 'hardwar']"
584,"['build', 'materi', 'suppli', 'dealer']"
585,"['suppli', 'store', 'lawn', 'equip', 'outdoor', 'power', 'garden']"
586,"['center', 'suppli', 'store', 'lawn', 'equip', 'farm', 'nurseri', 'garden']"
587,"['except', 'conveni', 'store', 'supermarket', 'groceri']"
588,"['conveni', 'groceri', 'store']"
589,"['store', 'market', 'food', 'meat', 'specialti']"
590,"['fish', 'store', 'market', 'food', 'seafood', 'specialti']"
591,"['store', 'market', 'food', 'fruit', 'specialti', 'veget']"
592,"['good', 'store', 'food', 'bake', 'specialti']"
593,"['confectioneri', 'store', 'food', 'nut', 'specialti']"
594,"['food', 'specialti', 'store']"
595,"['beer', 'store', 'liquor', 'wine']"
596,"['store', 'care', 'drug', 'health', 'person', 'pharmaci']"
597,"['suppli', 'store', 'care', 'beauti', 'perfum', 'health', 'person', 'cosmet']"
598,"['good', 'optic', 'store', 'care', 'health', 'person']"
599,"['supplement', 'store', 'care', 'food', 'health', 'person']"
600,"['person', 'health', 'care', 'store']"
601,"['store', 'conveni', 'gasolin', 'station']"
602,"['gasolin', 'station']"
603,"[""men'"", 'cloth', 'store']"
604,"[""women'"", 'cloth', 'store']"
605,"[""infants'"", 'cloth', 'store', ""children'""]"
606,"['cloth', 'store', 'famili']"
607,"['accessori', 'cloth', 'store']"
608,"['cloth', 'store']"
609,"['shoe', 'store']"
610,"['good', 'leather', 'jewelri', 'store', 'luggag']"
611,"['good', 'leather', 'jewelri', 'store', 'luggag']"
612,"['good', 'store', 'hobbi', 'instrument', 'music', 'sport']"
613,"['good', 'toy', 'store', 'hobbi', 'instrument', 'game', 'music', 'sport']"
614,"['good', 'store', 'hobbi', 'instrument', 'music', 'needlework', 'sport', 'sew', 'piec']"
615,"['good', 'suppli', 'store', 'hobbi', 'instrument', 'music', 'sport']"
616,"['book', 'new', 'dealer', 'store']"
617,"['new', 'dealer', 'store', 'newsstand', 'book']"
618,"['depart', 'store']"
619,"['warehous', 'store', 'club', 'supercent', 'merchandis', 'gener', 'includ']"
620,"['warehous', 'store', 'club', 'supercent', 'merchandis', 'gener', 'includ']"
621,['florist']
622,"['suppli', 'store', 'gift', 'stationeri', 'offic']"
623,"['suppli', 'store', 'gift', 'souvenir', 'stationeri', 'novelti', 'offic']"
624,"['merchandis', 'use', 'store']"
625,"['suppli', 'store', 'pet', 'retail', 'miscellan']"
626,"['dealer', 'store', 'retail', 'miscellan', 'art']"
627,"['dealer', 'home', 'store', 'mobil', 'manufactur', 'retail', 'miscellan']"
628,"['retail', 'miscellan', 'store', 'tobacco']"
629,"['except', 'store', 'tobacco', 'retail', 'miscellan']"
630,"['mail-ord', 'electron', 'shop', 'hous']"
631,"['oper', 'machin', 'vend']"
632,"['dealer', 'direct', 'fuel', 'establish', 'sell']"
633,"['sell', 'direct', 'establish']"
634,"['schedul', 'transport', 'air', 'passeng']"
635,"['freight', 'schedul', 'transport', 'air']"
636,"['charter', 'transport', 'nonschedul', 'air', 'passeng']"
637,"['charter', 'transport', 'freight', 'nonschedul', 'air']"
638,"['nonschedul', 'transport', 'air']"
639,"['railroad', 'transport', 'rail', 'line-haul']"
640,"['railroad', 'line', 'transport', 'short', 'rail']"
641,"['lake', 'deep', 'great', 'coastal', 'transport', 'sea', 'freight', 'water']"
642,"['lake', 'deep', 'great', 'coastal', 'transport', 'sea', 'water', 'passeng']"
643,"['lake', 'deep', 'great', 'coastal', 'transport', 'sea', 'freight', 'water']"
644,"['lake', 'deep', 'great', 'coastal', 'transport', 'sea', 'water', 'passeng']"
645,"['water', 'transport', 'freight', 'inland']"
646,"['passeng', 'water', 'transport', 'inland']"
647,"['local', 'truck', 'freight', 'gener']"
648,"['truck', 'freight', 'truckload', 'long-dist', 'gener']"
649,"['truck', 'freight', 'long-dist', 'truckload', 'gener', 'less']"
650,"['good', 'freight', 'truck', 'special', 'move', 'household', 'offic', 'use']"
651,"['except', 'good', 'freight', 'truck', 'local', 'special', 'use']"
652,"['except', 'good', 'freight', 'truck', 'special', 'long-dist', 'use']"
653,"['urban', 'mode', 'mix', 'system', 'transit']"
654,"['urban', 'system', 'commut', 'rail', 'transit']"
655,"['urban', 'bu', 'system', 'motor', 'vehicl', 'transit']"
656,"['urban', 'transit', 'system']"
657,"['bu', 'interurban', 'rural', 'transport']"
658,"['limousin', 'taxi', 'servic']"
659,"['limousin', 'taxi', 'servic']"
660,"['school', 'bu', 'transport', 'employe']"
661,"['charter', 'bu', 'industri']"
662,"['transport', 'special', 'need', 'ground', 'transit', 'passeng']"
663,"['passeng', 'transit', 'transport', 'ground']"
664,"['pipelin', 'crude', 'transport', 'oil']"
665,"['ga', 'pipelin', 'natur', 'transport']"
666,"['petroleum', 'transport', 'product', 'pipelin', 'refin']"
667,"['pipelin', 'transport']"
668,"['land', 'scenic', 'transport', 'sightse']"
669,"['water', 'scenic', 'transport', 'sightse']"
670,"['scenic', 'transport', 'sightse']"
671,"['transport', 'support', 'activ', 'control', 'traffic', 'air']"
672,"['transport', 'support', 'activ', 'oper', 'airport', 'air']"
673,"['transport', 'support', 'activ', 'air']"
674,"['transport', 'support', 'activ', 'rail']"
675,"['support', 'activ', 'transport', 'harbor', 'water', 'oper', 'port']"
676,"['support', 'activ', 'transport', 'water', 'handl', 'marin', 'cargo']"
677,"['support', 'activ', 'transport', 'navig', 'water', 'servic', 'ship']"
678,"['water', 'support', 'activ', 'transport']"
679,"['support', 'activ', 'transport', 'motor', 'tow', 'vehicl', 'road']"
680,"['road', 'support', 'activ', 'transport']"
681,"['arrang', 'transport', 'freight']"
682,"['crate', 'support', 'activ', 'transport', 'pack']"
683,"['support', 'activ', 'transport']"
684,"['postal', 'servic']"
685,"['deliveri', 'courier', 'express', 'servic']"
686,"['messeng', 'deliveri', 'local']"
687,"['wareh', 'storag', 'gener']"
688,"['wareh', 'refriger', 'storag']"
689,"['product', 'wareh', 'farm', 'storag']"
690,"['wareh', 'storag']"
691,"['period', 'book', 'publish', 'newspap', 'directori']"
692,"['period', 'book', 'publish', 'newspap', 'directori']"
693,"['period', 'book', 'publish', 'newspap', 'directori']"
694,"['period', 'list', 'book', 'publish', 'newspap', 'mail', 'directori']"
695,"['period', 'book', 'publish', 'greet', 'newspap', 'card', 'directori']"
696,"['period', 'book', 'publish', 'newspap', 'directori']"
697,"['publish', 'softwar']"
698,"['pictur', 'motion', 'product', 'video', 'industri']"
699,"['pictur', 'motion', 'video', 'distribut', 'industri']"
700,"['except', 'pictur', 'motion', 'video', 'drive-in', 'industri', 'theater']"
701,"['pictur', 'motion', 'video', 'drive-in', 'industri', 'theater']"
702,"['postproduct', 'pictur', 'motion', 'teleproduct', 'servic', 'video', 'industri']"
703,"['motion', 'industri', 'video', 'pictur']"
704,"['music', 'publish', 'sound', 'industri', 'record']"
705,"['studio', 'sound', 'record', 'industri']"
706,"['product', 'distribut', 'sound', 'industri', 'record']"
707,"['sound', 'record', 'industri']"
708,"['network', 'broadcast', 'radio', 'televis']"
709,"['broadcast', 'radio', 'televis', 'station']"
710,"['broadcast', 'radio', 'televis']"
711,"['cabl', 'program', 'subscript']"
712,"['wireless', 'wire', 'telecommun', 'carrier']"
713,"['except', 'wire', 'satellit', 'wireless', 'telecommun', 'carrier']"
714,"['satellit', 'telecommun']"
715,"['resel', 'telecommun']"
716,['telecommun']
717,"['host', 'servic', 'data', 'process', 'relat']"
718,"['inform', 'new', 'syndic', 'servic']"
719,"['inform', 'archiv', 'librari', 'servic']"
720,"['web', 'internet', 'inform', 'portal', 'search', 'servic', 'publish', 'broadcast']"
721,"['inform', 'servic']"
722,"['bank', 'monetari', 'authorities-centr']"
723,"['bank', 'depositori', 'commerci', 'credit', 'intermedi']"
724,"['institut', 'depositori', 'credit', 'save', 'intermedi']"
725,"['intermedi', 'union', 'depositori', 'credit']"
726,"['intermedi', 'depositori', 'credit']"
727,"['nondepositori', 'issu', 'credit', 'card', 'intermedi']"
728,"['nondepositori', 'credit', 'sale', 'financ', 'intermedi']"
729,"['nondepositori', 'credit', 'consum', 'lend', 'intermedi']"
730,"['nondepositori', 'estat', 'credit', 'real', 'intermedi']"
731,"['nondepositori', 'trade', 'credit', 'intern', 'financ', 'intermedi']"
732,"['nondepositori', 'market', 'credit', 'secondari', 'financ', 'intermedi']"
733,"['intermedi', 'nondepositori', 'credit']"
734,"['mortgag', 'activ', 'credit', 'loan', 'nonmortgag', 'broker', 'relat', 'intermedi']"
735,"['activ', 'clearinghous', 'financi', 'credit', 'transact', 'process', 'reserv', 'relat', 'intermedi']"
736,"['intermedi', 'activ', 'relat', 'credit']"
737,"['bank', 'secur', 'invest', 'deal', 'brokerag', 'commod', 'contract', 'intermedi']"
738,"['secur', 'brokerag', 'commod', 'contract', 'intermedi']"
739,"['secur', 'deal', 'brokerag', 'commod', 'contract', 'intermedi']"
740,"['secur', 'brokerag', 'commod', 'contract', 'intermedi']"
741,"['secur', 'exchang', 'commod']"
742,"['activ', 'invest', 'financi', 'miscellan', 'intermedi']"
743,"['activ', 'invest', 'financi', 'portfolio', 'manag']"
744,"['advic', 'financi', 'activ', 'invest']"
745,"['activ', 'invest', 'trust', 'financi', 'custodi', 'fiduciari']"
746,"['miscellan', 'financi', 'activ', 'invest']"
747,"['insur', 'life', 'direct', 'carrier']"
748,"['insur', 'direct', 'health', 'medic', 'carrier']"
749,"['insur', 'direct', 'properti', 'carrier', 'casualti']"
750,"['insur', 'titl', 'direct', 'carrier']"
751,"['insur', 'except', 'direct', 'life', 'health', 'medic', 'carrier']"
752,"['insur', 'reinsur', 'carrier']"
753,"['insur', 'activ', 'agenc', 'brokerag', 'relat']"
754,"['insur', 'activ', 'agenc', 'adjust', 'brokerag', 'claim', 'relat']"
755,"['insur', 'activ', 'administr', 'agenc', 'parti', 'pension', 'fund', 'third', 'brokerag', 'relat']"
756,"['insur', 'activ', 'agenc', 'brokerag', 'relat']"
757,"['insur', 'pension', 'fund', 'benefit', 'employe']"
758,"['insur', 'fund', 'health', 'welfar', 'benefit', 'employe']"
759,"['insur', 'benefit', 'fund', 'employe']"
760,"['pool', 'fund', 'open-end', 'invest']"
761,"['invest', 'agenc', 'trust', 'fund', 'estat', 'account', 'pool']"
762,"['invest', 'fund', 'financi', 'vehicl', 'pool']"
763,"['build', 'lessor', 'dwell', 'estat', 'real', 'residenti']"
764,"['nonresidenti', 'build', 'except', 'miniwarehous', 'lessor', 'estat', 'real']"
765,"['miniwarehous', 'lessor', 'unit', 'estat', 'real', 'self-storag']"
766,"['real', 'properti', 'estat', 'lessor']"
767,"['estat', 'real', 'offic', 'broker', 'agent']"
768,"['activ', 'estat', 'real', 'residenti', 'manag', 'properti', 'relat']"
769,"['nonresidenti', 'activ', 'estat', 'real', 'manag', 'properti', 'relat']"
770,"['activ', 'estat', 'real', 'offic', 'apprais', 'relat']"
771,"['real', 'activ', 'relat', 'estat']"
772,"['automot', 'leas', 'equip', 'rental', 'car', 'passeng']"
773,"['automot', 'leas', 'equip', 'rental', 'car', 'passeng']"
774,"['automot', 'leas', 'truck', 'equip', 'recreat', 'rental', 'trailer', 'util', 'vehicl', 'RV']"
775,"['good', 'applianc', 'rental', 'consum', 'electron']"
776,"['good', 'formal', 'rental', 'costum', 'wear', 'consum']"
777,"['good', 'rental', 'video', 'disc', 'consum', 'tape']"
778,"['good', 'home', 'equip', 'rental', 'health', 'consum']"
779,"['consum', 'recreat', 'good', 'rental']"
780,"['consum', 'good', 'rental']"
781,"['center', 'rental', 'gener']"
782,"['leas', 'transport', 'equip', 'commerci', 'water', 'rental', 'rail', 'machineri', 'industri', 'air']"
783,"['leas', 'equip', 'commerci', 'construct', 'rental', 'machineri', 'industri', 'forestri', 'mine']"
784,"['leas', 'offic', 'equip', 'commerci', 'rental', 'machineri', 'industri']"
785,"['leas', 'equip', 'commerci', 'rental', 'machineri', 'industri']"
786,"['nonfinanci', 'except', 'lessor', 'copyright', 'intang', 'asset', 'work']"
787,"['lawyer', 'offic', 'legal', 'servic']"
788,"['notari', 'offic', 'legal', 'servic']"
789,"['settlement', 'servic', 'offic', 'titl', 'legal', 'abstract']"
790,"['legal', 'servic']"
791,"['payrol', 'bookkeep', 'public', 'tax', 'servic', 'certifi', 'offic', 'account', 'prepar']"
792,"['payrol', 'bookkeep', 'tax', 'servic', 'account', 'prepar']"
793,"['payrol', 'bookkeep', 'tax', 'servic', 'account', 'prepar']"
794,"['payrol', 'bookkeep', 'tax', 'servic', 'account', 'prepar']"
795,"['servic', 'architectur', 'relat', 'engin']"
796,"['engin', 'servic', 'architectur', 'landscap', 'relat']"
797,"['servic', 'architectur', 'relat', 'engin']"
798,"['engin', 'servic', 'architectur', 'draft', 'relat']"
799,"['build', 'engin', 'servic', 'architectur', 'inspect', 'relat']"
800,"['engin', 'servic', 'architectur', 'geophys', 'map', 'relat', 'survey']"
801,"['except', 'engin', 'servic', 'architectur', 'geophys', 'map', 'relat', 'survey']"
802,"['engin', 'test', 'servic', 'architectur', 'laboratori', 'relat']"
803,"['servic', 'interior', 'special', 'design']"
804,"['servic', 'industri', 'special', 'design']"
805,"['servic', 'graphic', 'special', 'design']"
806,"['servic', 'special', 'design']"
807,"['system', 'program', 'comput', 'custom', 'servic', 'design', 'relat']"
808,"['system', 'comput', 'servic', 'design', 'relat']"
809,"['system', 'comput', 'facil', 'servic', 'design', 'manag', 'relat']"
810,"['system', 'comput', 'servic', 'design', 'relat']"
811,"['consult', 'administr', 'scientif', 'servic', 'technic', 'gener', 'manag']"
812,"['consult', 'human', 'scientif', 'servic', 'technic', 'manag', 'resourc']"
813,"['consult', 'market', 'scientif', 'servic', 'technic', 'manag']"
814,"['consult', 'scientif', 'servic', 'distribut', 'physic', 'logist', 'technic', 'process', 'manag']"
815,"['consult', 'scientif', 'servic', 'technic', 'manag']"
816,"['consult', 'scientif', 'servic', 'technic', 'manag', 'environment']"
817,"['consult', 'scientif', 'servic', 'technic', 'manag']"
818,"['research', 'scientif', 'servic', 'nanotechnolog', 'develop']"
819,"['except', 'research', 'scientif', 'biotechnolog', 'servic', 'develop', 'nanobiotechnolog']"
820,"['scienc', 'except', 'engin', 'research', 'scientif', 'biotechnolog', 'servic', 'life', 'nanotechnolog', 'develop', 'physic']"
821,"['scienc', 'human', 'research', 'social', 'scientif', 'servic', 'develop']"
822,"['agenc', 'public', 'servic', 'advertis', 'relat']"
823,"['agenc', 'public', 'servic', 'advertis', 'relat']"
824,"['media', 'buy', 'agenc', 'public', 'servic', 'advertis', 'relat']"
825,"['media', 'public', 'repres', 'servic', 'advertis', 'relat']"
826,"['outdoor', 'public', 'servic', 'advertis', 'relat']"
827,"['direct', 'public', 'servic', 'mail', 'advertis', 'relat']"
828,"['public', 'materi', 'servic', 'distribut', 'advertis', 'relat']"
829,"['public', 'advertis', 'relat', 'servic']"
830,"['profession', 'market', 'public', 'scientif', 'research', 'servic', 'poll', 'technic', 'opinion']"
831,"['profession', 'portrait', 'scientif', 'photographi', 'servic', 'technic', 'studio']"
832,"['profession', 'commerci', 'scientif', 'photographi', 'servic', 'technic']"
833,"['profession', 'technic', 'scientif', 'servic', 'interpret', 'translat']"
834,"['profession', 'scientif', 'servic', 'technic', 'veterinari']"
835,"['profession', 'scientif', 'servic', 'technic']"
836,"['bank', 'hold', 'compani', 'enterpris', 'offic', 'manag']"
837,"['hold', 'compani', 'enterpris', 'offic', 'manag']"
838,"['subsidiari', 'compani', 'enterpris', 'offic', 'region', 'manag', 'corpor']"
839,"['servic', 'administr', 'offic']"
840,"['support', 'facil', 'servic']"
841,"['placement', 'employ', 'agenc', 'servic']"
842,"['employ', 'search', 'execut', 'servic']"
843,"['employ', 'temporari', 'help', 'servic']"
844,"['profession', 'employ', 'organ', 'servic']"
845,"['busi', 'support', 'document', 'servic', 'prepar']"
846,"['busi', 'support', 'servic', 'answer', 'telephon']"
847,"['center', 'busi', 'support', 'telemarket', 'servic', 'bureau', 'contact']"
848,"['center', 'busi', 'support', 'servic', 'privat', 'mail']"
849,"['center', 'busi', 'support', 'servic', 'copi', 'shop', 'includ']"
850,"['busi', 'support', 'agenc', 'servic', 'collect']"
851,"['busi', 'support', 'credit', 'servic', 'bureau']"
852,"['busi', 'support', 'repossess', 'servic']"
853,"['stenotyp', 'busi', 'support', 'court', 'report', 'servic']"
854,"['busi', 'support', 'servic']"
855,"['arrang', 'agenc', 'travel', 'servic', 'reserv']"
856,"['arrang', 'travel', 'oper', 'servic', 'tour', 'reserv']"
857,"['convent', 'arrang', 'travel', 'servic', 'bureau', 'reserv', 'visitor']"
858,"['reserv', 'travel', 'arrang', 'servic']"
859,"['investig', 'secur', 'servic']"
860,"['investig', 'secur', 'servic', 'guard', 'patrol']"
861,"['investig', 'secur', 'armor', 'servic', 'car']"
862,"['investig', 'secur', 'except', 'system', 'locksmith', 'servic']"
863,"['investig', 'secur', 'locksmith', 'servic']"
864,"['build', 'control', 'dwell', 'servic', 'pest', 'extermin']"
865,"['build', 'dwell', 'janitori', 'servic']"
866,"['build', 'landscap', 'dwell', 'servic']"
867,"['build', 'dwell', 'clean', 'servic', 'upholsteri', 'carpet']"
868,"['build', 'dwell', 'servic']"
869,"['packag', 'support', 'label', 'servic']"
870,"['show', 'convent', 'support', 'trade', 'servic', 'organ']"
871,"['support', 'servic']"
872,"['collect', 'wast', 'solid']"
873,"['collect', 'wast', 'hazard']"
874,"['collect', 'wast']"
875,"['treatment', 'wast', 'hazard', 'dispos']"
876,"['wast', 'dispos', 'landfil', 'treatment', 'solid']"
877,"['wast', 'dispos', 'inciner', 'treatment', 'combustor', 'solid']"
878,"['treatment', 'wast', 'nonhazard', 'dispos']"
879,"['wast', 'remedi', 'manag', 'servic']"
880,"['wast', 'remedi', 'materi', 'facil', 'servic', 'manag', 'recoveri']"
881,"['wast', 'remedi', 'septic', 'tank', 'servic', 'manag', 'relat']"
882,"['wast', 'remedi', 'manag', 'servic', 'miscellan']"
883,"['school', 'secondari', 'elementari']"
884,"['junior', 'colleg']"
885,"['univers', 'colleg', 'school', 'profession']"
886,"['busi', 'comput', 'secretari', 'school', 'manag', 'train']"
887,"['busi', 'comput', 'school', 'manag', 'train']"
888,"['profession', 'busi', 'comput', 'develop', 'school', 'manag', 'train']"
889,"['barber', 'trade', 'technic', 'school', 'cosmetolog']"
890,"['trade', 'flight', 'technic', 'school', 'train']"
891,"['apprenticeship', 'trade', 'technic', 'school', 'train']"
892,"['trade', 'school', 'technic']"
893,"['school', 'fine', 'art', 'instruct']"
894,"['school', 'sport', 'recreat', 'instruct']"
895,"['school', 'languag', 'instruct']"
896,"['exam', 'instruct', 'school', 'tutor', 'prepar']"
897,"['school', 'drive', 'automobil', 'instruct']"
898,"['school', 'miscellan', 'instruct']"
899,"['educ', 'support', 'servic']"
900,"['except', 'mental', 'physician', 'health', 'specialist', 'offic']"
901,"['mental', 'physician', 'health', 'specialist', 'offic']"
902,"['dentist', 'offic']"
903,"['health', 'practition', 'chiropractor', 'offic']"
904,"['health', 'practition', 'optometrist', 'offic']"
905,"['except', 'mental', 'physician', 'health', 'practition', 'offic']"
906,"['speech', 'audiologist', 'therapist', 'health', 'practition', 'physic', 'offic', 'occup']"
907,"['health', 'practition', 'podiatrist', 'offic']"
908,"['health', 'practition', 'miscellan', 'offic']"
909,"['center', 'outpati', 'care', 'plan', 'famili']"
910,"['center', 'mental', 'outpati', 'care', 'health', 'substanc', 'abus']"
911,"['center', 'outpati', 'care', 'hmo', 'medic']"
912,"['center', 'kidney', 'outpati', 'care', 'dialysi']"
913,"['center', 'ambulatori', 'outpati', 'care', 'emerg', 'surgic', 'freestand']"
914,"['care', 'center', 'outpati']"
915,"['laboratori', 'medic', 'diagnost']"
916,"['center', 'diagnost', 'medic', 'laboratori', 'imag']"
917,"['care', 'health', 'home', 'servic']"
918,"['ambulatori', 'care', 'servic', 'health', 'ambul']"
919,"['bank', 'ambulatori', 'blood', 'care', 'servic', 'health', 'organ']"
920,"['ambulatori', 'care', 'servic', 'health', 'miscellan']"
921,"['medic', 'hospit', 'surgic', 'gener']"
922,"['psychiatr', 'substanc', 'abus', 'hospit']"
923,"['except', 'psychiatr', 'substanc', 'hospit', 'abus', 'specialti']"
924,"['care', 'facil', 'skill', 'nurs']"
925,"['mental', 'development', 'intellectu', 'facil', 'health', 'substanc', 'residenti', 'abus', 'disabl']"
926,"['mental', 'development', 'intellectu', 'facil', 'health', 'substanc', 'residenti', 'abus', 'disabl']"
927,"['live', 'elderli', 'care', 'facil', 'continu', 'commun', 'retir', 'assist']"
928,"['live', 'elderli', 'care', 'facil', 'continu', 'commun', 'retir', 'assist']"
929,"['care', 'facil', 'residenti']"
930,"['child', 'servic', 'youth', 'individu', 'famili']"
931,"['servic', 'person', 'elderli', 'individu', 'disabl', 'famili']"
932,"['servic', 'individu', 'famili']"
933,"['emerg', 'hous', 'servic', 'food', 'relief', 'commun']"
934,"['emerg', 'hous', 'servic', 'food', 'relief', 'shelter', 'commun', 'temporari']"
935,"['emerg', 'hous', 'servic', 'food', 'relief', 'commun']"
936,"['emerg', 'hous', 'servic', 'food', 'relief', 'commun']"
937,"['rehabilit', 'vocat', 'servic']"
938,"['care', 'day', 'child', 'servic']"
939,"['compani', 'perform', 'dinner', 'theater', 'art']"
940,"['compani', 'danc', 'perform', 'art']"
941,"['group', 'compani', 'artist', 'music', 'perform', 'art']"
942,"['compani', 'perform', 'art']"
943,"['team', 'sport', 'spectat', 'club']"
944,"['sport', 'racetrack', 'spectat']"
945,"['sport', 'spectat']"
946,"['promot', 'facil', 'event', 'sport', 'perform', 'similar', 'art']"
947,"['promot', 'facil', 'event', 'without', 'sport', 'perform', 'similar', 'art']"
948,"['entertain', 'public', 'artist', 'athlet', 'figur', 'manag', 'agent']"
949,"['writer', 'independ', 'perform', 'artist']"
950,"['institut', 'similar', 'museum', 'histor', 'site']"
951,"['institut', 'similar', 'museum', 'histor', 'site']"
952,"['institut', 'botan', 'similar', 'museum', 'histor', 'site', 'zoo', 'garden']"
953,"['institut', 'natur', 'park', 'similar', 'museum', 'histor', 'site']"
954,"['park', 'theme', 'amus', 'arcad']"
955,"['park', 'amus', 'arcad']"
956,"['except', 'hotel', 'gambl', 'industri', 'casino']"
957,"['industri', 'gambl']"
958,"['countri', 'golf', 'cours', 'recreat', 'club', 'industri', 'amus']"
959,"['ski', 'recreat', 'facil', 'industri', 'amus']"
960,"['marina', 'recreat', 'amus', 'industri']"
961,"['center', 'recreat', 'sport', 'fit', 'industri', 'amus']"
962,"['center', 'bowl', 'recreat', 'industri', 'amus']"
963,"['recreat', 'amus', 'industri']"
964,"['except', 'motel', 'travel', 'hotel', 'accommod', 'casino']"
965,"['hotel', 'travel', 'accommod', 'casino']"
966,"['bed-and-breakfast', 'travel', 'accommod', 'inn']"
967,"['travel', 'accommod']"
968,"['recreat', 'camp', 'park', 'vehicl', 'campground', 'RV']"
969,"['except', 'recreat', 'camp', 'park', 'vacat', 'vehicl', 'campground', 'RV']"
970,"['dormitori', 'hous', 'board', 'camp', ""workers'"", 'room']"
971,"['food', 'contractor', 'special', 'servic']"
972,"['food', 'special', 'cater', 'servic']"
973,"['food', 'mobil', 'special', 'servic']"
974,"['alcohol', 'place', 'beverag', 'drink']"
975,"['eat', 'full-servic', 'restaur', 'place']"
976,"['eat', 'limited-servic', 'restaur', 'place']"
977,"['grill', 'buffet', 'eat', 'restaur', 'cafeteria', 'place']"
978,"['beverag', 'nonalcohol', 'bar', 'snack', 'eat', 'restaur', 'place']"
979,"['automot', 'mainten', 'repair', 'gener']"
980,"['automot', 'exhaust', 'system', 'repair', 'mainten']"
981,"['automot', 'mainten', 'transmiss', 'repair']"
982,"['automot', 'electr', 'mechan', 'repair', 'mainten']"
983,"['automot', 'repair', 'interior', 'mainten', 'paint', 'bodi']"
984,"['automot', 'glass', 'repair', 'replac', 'mainten', 'shop']"
985,"['automot', 'lubric', 'repair', 'chang', 'mainten', 'shop', 'oil']"
986,"['automot', 'repair', 'mainten', 'car', 'wash']"
987,"['automot', 'mainten', 'repair']"
988,"['repair', 'equip', 'mainten', 'consum', 'precis', 'electron']"
989,"['repair', 'comput', 'equip', 'mainten', 'machin', 'offic', 'precis', 'electron']"
990,"['repair', 'equip', 'mainten', 'commun', 'precis', 'electron']"
991,"['repair', 'equip', 'mainten', 'precis', 'electron']"
992,"['automot', 'except', 'repair', 'equip', 'commerci', 'mainten', 'machineri', 'industri', 'electron']"
993,"['good', 'home', 'repair', 'equip', 'mainten', 'household', 'person', 'garden']"
994,"['good', 'applianc', 'repair', 'mainten', 'household', 'person']"
995,"['good', 'repair', 'furnitur', 'mainten', 'reupholsteri', 'household', 'person']"
996,"['good', 'leather', 'repair', 'footwear', 'mainten', 'household', 'person']"
997,"['good', 'repair', 'mainten', 'household', 'person']"
998,"['barber', 'care', 'servic', 'shop', 'person']"
999,"['care', 'beauti', 'servic', 'salon', 'person']"
1000,"['nail', 'care', 'servic', 'salon', 'person']"
1001,"['center', 'care', 'weight', 'servic', 'reduc', 'person', 'diet']"
1002,"['person', 'care', 'servic']"
1003,"['funer', 'home', 'death', 'care', 'servic']"
1004,"['death', 'care', 'servic', 'cemeteri', 'crematori']"
1005,"['dryclean', 'laundri', 'coin-oper', 'servic']"
1006,"['except', 'dryclean', 'laundri', 'servic', 'coin-oper']"
1007,"['suppli', 'dryclean', 'laundri', 'servic', 'linen']"
1008,"['dryclean', 'laundri', 'servic', 'launder', 'industri']"
1009,"['except', 'care', 'pet', 'servic', 'person', 'veterinari']"
1010,"['except', 'servic', 'photofinish', 'person', 'laboratori', 'one-hour']"
1011,"['person', 'one-hour', 'photofinish', 'servic']"
1012,"['servic', 'park', 'lot', 'person', 'garag']"
1013,"['person', 'servic']"
1014,"['organ', 'religi']"
1015,"['servic', 'foundat', 'give', 'grantmak']"
1016,"['voluntari', 'give', 'servic', 'health', 'organ', 'grantmak']"
1017,"['servic', 'give', 'grantmak']"
1018,"['right', 'human', 'social', 'advocaci', 'organ']"
1019,"['environ', 'social', 'advocaci', 'organ', 'wildlif', 'conserv']"
1020,"['organ', 'social', 'advocaci']"
1021,"['civic', 'organ', 'social']"
1022,"['profession', 'busi', 'polit', 'associ', 'labor', 'organ', 'similar']"
1023,"['profession', 'busi', 'polit', 'labor', 'organ', 'similar']"
1024,"['profession', 'union', 'busi', 'polit', 'labor', 'organ', 'similar']"
1025,"['profession', 'busi', 'polit', 'labor', 'organ', 'similar']"
1026,"['profession', 'except', 'busi', 'polit', 'labor', 'organ', 'similar']"
1027,"['privat', 'household']"
1028,"['govern', 'support', 'offic', 'execut', 'legisl', 'gener']"
1029,"['govern', 'support', 'execut', 'legisl', 'gener', 'bodi']"
1030,"['govern', 'support', 'activ', 'public', 'execut', 'legisl', 'gener', 'financ']"
1031,"['govern', 'support', 'offic', 'execut', 'legisl', 'gener', 'combin']"
1032,"['govern', 'support', 'american', 'execut', 'legisl', 'alaska', 'gener', 'indian', 'tribal', 'nativ']"
1033,"['govern', 'support', 'execut', 'legisl', 'gener']"
1034,"['safeti', 'activ', 'justic', 'public', 'court', 'order']"
1035,"['safeti', 'activ', 'protect', 'justic', 'public', 'order', 'polic']"
1036,"['safeti', 'activ', 'justic', 'public', 'counsel', 'prosecut', 'order', 'legal']"
1037,"['safeti', 'institut', 'activ', 'justic', 'public', 'correct', 'order']"
1038,"['safeti', 'activ', 'justic', 'parol', 'public', 'offic', 'order', 'probat']"
1039,"['safeti', 'activ', 'protect', 'justic', 'fire', 'public', 'order']"
1040,"['safeti', 'activ', 'justic', 'public', 'order']"
1041,"['administr', 'human', 'program', 'educ', 'resourc']"
1042,"['administr', 'human', 'program', 'public', 'health', 'resourc']"
1043,"['except', ""veterans'"", 'administr', 'human', 'program', 'public', 'educ', 'health', 'affair', 'resourc']"
1044,"[""veterans'"", 'administr', 'human', 'program', 'affair', 'resourc']"
1045,"['wast', 'administr', 'program', 'water', 'solid', 'qualiti', 'manag', 'resourc', 'environment', 'air']"
1046,"['administr', 'program', 'environment', 'qualiti', 'conserv']"
1047,"['urban', 'administr', 'program', 'hous', 'plan', 'commun', 'develop']"
1048,"['urban', 'administr', 'program', 'hous', 'plan', 'commun', 'develop', 'rural']"
1049,"['econom', 'administr', 'program', 'gener']"
1050,"['administr', 'transport', 'program', 'regul', 'econom']"
1051,"['administr', 'program', 'electr', 'regul', 'ga', 'util', 'commun', 'econom']"
1052,"['administr', 'program', 'market', 'agricultur', 'regul', 'commod', 'econom']"
1053,"['administr', 'sector', 'program', 'commerci', 'licens', 'regul', 'inspect', 'econom', 'miscellan']"
1054,"['technolog', 'space', 'research']"
1055,"['secur', 'intern', 'nation', 'affair']"
1056,"['secur', 'intern', 'nation', 'affair']"
